Keyword,N,FA,FR,Precision,Recall,F1-score
NINETEEN,13,0,3,0.769,1.0,0.869
EIGHTY,15,0,4,0.733,1.0,0.846
THEIR,9,1,4,0.556,0.833,0.667
MIGHT,6,0,1,0.833,1.0,0.909
OTHER,6,0,1,0.833,1.0,0.909
WOULD,6,2,1,0.833,0.714,0.769
DECLINED,5,0,3,0.4,1.0,0.571
EIGHT,11,5,1,0.909,0.667,0.769
ABOUT,12,0,4,0.667,1.0,0.8
GROUP,7,0,0,1.0,1.0,1.0
QUALITY,6,0,0,1.0,1.0,1.0
POINT,19,0,5,0.737,1.0,0.849
TRADING,6,0,0,1.0,1.0,1.0
STATION,6,0,0,1.0,1.0,1.0
MONTH,13,0,1,0.923,1.0,0.96
PRICE,10,0,0,1.0,1.0,1.0
THREE,16,0,0,1.0,1.0,1.0
DECLINE,12,0,3,0.75,1.0,0.857
FIRST,7,0,1,0.857,1.0,0.923
INDEX,9,0,1,0.889,1.0,0.941
FIFTY,16,0,9,0.438,1.0,0.609
SEOUL,6,1,1,0.833,0.833,0.833
SEVEN,14,0,0,1.0,1.0,1.0
COMPANY,12,0,1,0.917,1.0,0.957
PURCHASING,7,0,1,0.857,1.0,0.923
COULD,6,0,1,0.833,1.0,0.909
AFTER,5,0,0,1.0,1.0,1.0
THERE,6,1,0,1.0,0.857,0.923
PERCENT,36,0,6,0.833,1.0,0.909
Precsion,Recall,F1-score
0.841418535588227,0.9622331691297209,0.897779567912929
