Keyword,N,FA,FR,Precision,Recall,F1-score
NINETEEN,13,0,4,0.692,1.0,0.818
EIGHTY,15,0,5,0.667,1.0,0.8
THEIR,9,0,4,0.556,1.0,0.715
MIGHT,6,0,2,0.667,1.0,0.8
OTHER,6,0,0,1.0,1.0,1.0
WOULD,6,0,1,0.833,1.0,0.909
DECLINED,5,0,4,0.2,1.0,0.333
EIGHT,11,2,2,0.818,0.818,0.818
ABOUT,12,0,4,0.667,1.0,0.8
GROUP,7,0,0,1.0,1.0,1.0
QUALITY,6,0,3,0.5,1.0,0.667
POINT,19,0,3,0.842,1.0,0.914
TRADING,6,0,0,1.0,1.0,1.0
STATION,6,0,0,1.0,1.0,1.0
MONTH,13,0,4,0.692,1.0,0.818
PRICE,10,0,0,1.0,1.0,1.0
THREE,16,0,0,1.0,1.0,1.0
DECLINE,12,0,4,0.667,1.0,0.8
FIRST,7,0,2,0.714,1.0,0.833
INDEX,9,0,2,0.778,1.0,0.875
FIFTY,16,0,9,0.438,1.0,0.609
SEOUL,6,0,1,0.833,1.0,0.909
SEVEN,14,0,1,0.929,1.0,0.963
COMPANY,12,0,1,0.917,1.0,0.957
PURCHASING,7,0,1,0.857,1.0,0.923
COULD,6,0,1,0.833,1.0,0.909
AFTER,5,0,0,1.0,1.0,1.0
THERE,6,0,0,1.0,1.0,1.0
PERCENT,36,0,3,0.917,1.0,0.957
Precsion,Recall,F1-score
0.7936460620444287,0.993730407523511,0.8824892104073453
